Iteration,Rate R²,Rate RMSE,Range R²,Range RMSE,Training Points
1,0.8958219045949618,17.088734723523086,0.4303830131794856,0.607757382541069,92.0
2,0.8769600276241676,18.66169882742289,0.4511250770786345,0.5940350931482398,96.0
3,0.9512643000314306,11.695967377478265,0.42268729112737236,0.6033001335682738,100.0
4,0.9519524975866628,11.560353098816122,0.4224003081660257,0.596123968090053,103.0
5,0.9419190294197982,12.614942947967515,0.6136459380851498,0.54663247597617,107.0
