Parameter_Set,O2_Flow,CF4_Flow,RF1_Power,RF2_Power,Pressure,Predicted_Etch_Rate,Etch_Rate_Uncertainty,Predicted_Range,Range_Uncertainty
1,10.0,33.1,90.0,321.0,27.2,92.25894076585365,39.036932727065405,0.8744860200000025,0.5842383253778224
2,31.9,27.7,75.0,319.0,15.5,46.91016134821414,35.006634076488666,0.664030306600001,0.6428741530145886
3,10.0,79.7,22.0,290.0,57.9,74.3009929774634,48.55932308540311,0.6972595480000008,1.052289035536081
